USE group29_pa2;

INSERT INTO User (username, password, firstname, lastname, email) VALUES ('sportslover', 'sha512$23d870d38a324e2ea78ffbcb827d9079$6cac267093fb75a4b1b86c5785ccbbf8d58f925720c06bc0c90f1d0629ae198d54d29a2d8a7af4e844852651f167206f5d66b9b53634a6b6286b37b91f006242', 'Paul', 'Walker', 'sportslover@hotmail.com'), ('traveler', 'sha512$bb971d3e635142139ed8d58bddd93205$3441166eb4777a5619a6e9ffdcc27a057fd74e7f1db610c037ab4079fd927cc3cbf1dec57317cf12cbe4f7f62ef01f0cf8f3f94eb1dca64d70213f61a6f33f68', 'Rebecca', 'Travolta', 'rebt@explorer.org'), ('spacejunkie', 'sha512$51bde0b284394e39b38f2a55aea3756f$cc1b0f462ce56a08aacced2cbd4eede51274abe48b94f5964973d266f47684c20ccd1ea201103ea1b3136177b0a95570fe1ca4fe2aba6b054c5b8770fd949353', 'Bob', 'Spacey', 'bspace@spacejunkies.net');

INSERT INTO Album (title, username, access) VALUES ('I love sports', 'sportslover', 'public'), ('I love football', 'sportslover', 'private'), ('Around The World', 'traveler', 'public'), ('Cool Space Shots', 'spacejunkie', 'private');

INSERT INTO Photo (picid, format) VALUES ("001025dd643b0eb0661e359de86e3ea9", "jpg"), ("9a0a7d25af4f7a73f67dde74e8e54cff", "jpg"), ("c8e60100f13ffe374d59e39dc4b6a318", "jpg"), ("5e8b6207f007338243d3e29d6b82acab", "jpg"), ("4ddba6e2f905e9778c6b6a48b6fc8e03", "jpg"), ("09d8a979fa638125b02ae1578eb943fa", "jpg"), ("143ba34cb5c7e8f12420be1b576bda1a", "jpg"), ("e615a10fc4222ede59ca3316c3fb751c", "jpg"), ("65fb1e2aa4977d9414d1b3a7e4a3badd", "jpg"), ("b94f256c23dec8a2c0da546849058d9e", "jpg"), ("01e37cbdd55913df563f527860b364e8", "jpg"), ("8d554cd1d8bb7b49ca798381d1fc171b", "jpg"), ("2e9e69e19342b98141789925e5f87f60", "jpg"), ("298e8943ef1942159ef88be21c4619c9", "jpg"), ("cefe45eaeaeb599256dda325c2e972da", "jpg"), ("bf755d13bb78e1deb59ef66b6d5c6a70", "jpg"), ("5f8d7957874f1303d8300e50f17e46d6", "jpg"), ("bac4fca50bed35b9a5646f632bf4c2e8", "jpg"), ("f5b57bd7a2c962c54d55b5ddece37158", "jpg"), ("b7d833dd3aae203ca618759fc6f4fc01", "jpg"), ("faa20c04097d40cb10793a19246f2754", "jpg"), ("aaaadd578c78d21defaa73e7d1f08235", "jpg"), ("adb5c3af19664129141268feda90a275", "jpg"), ("abf97ffd1f964f42790fb358e5258e8d", "jpg"), ("ea2db8b970671856e43dd011d7df5fad", "jpg"), ("76d79b81b9073a2323f0790965b00a68", "jpg"), ("6510a4add59ef655ae3f0b6cdb24e140", "jpg"), ("28d38afca913a728b2a6bcf01aa011cd", "jpg"), ("5fb04eb11cbf99429a05c12ce2f50615", "jpg"), ("39ee267d13ccd32b50c1de7c2ece54d6", "jpg");

INSERT INTO Contain (sequencenum, albumid, caption, picid) VALUES (0, 2, "", "001025dd643b0eb0661e359de86e3ea9"), (1, 2, "", "9a0a7d25af4f7a73f67dde74e8e54cff"), (2, 2, "", "c8e60100f13ffe374d59e39dc4b6a318"), (3, 2, "", "5e8b6207f007338243d3e29d6b82acab"), (4, 4, "","4ddba6e2f905e9778c6b6a48b6fc8e03"), (5, 4, "","09d8a979fa638125b02ae1578eb943fa"), (6, 4, "","143ba34cb5c7e8f12420be1b576bda1a"), (7, 4, "","e615a10fc4222ede59ca3316c3fb751c"), (8, 4, "","65fb1e2aa4977d9414d1b3a7e4a3badd"), (9, 1, "","b94f256c23dec8a2c0da546849058d9e"), (10, 1, "","01e37cbdd55913df563f527860b364e8"), (11, 1, "","8d554cd1d8bb7b49ca798381d1fc171b"), (12, 1, "","2e9e69e19342b98141789925e5f87f60"), (13, 1, "","298e8943ef1942159ef88be21c4619c9"), (14, 1, "","cefe45eaeaeb599256dda325c2e972da"), (15, 1, "","bf755d13bb78e1deb59ef66b6d5c6a70"), (16, 1, "","5f8d7957874f1303d8300e50f17e46d6"), (17, 3, "", "bac4fca50bed35b9a5646f632bf4c2e8"), (18, 3, "", "f5b57bd7a2c962c54d55b5ddece37158"), (19, 3, "", "b7d833dd3aae203ca618759fc6f4fc01"), (20, 3, "", "faa20c04097d40cb10793a19246f2754"), (21, 3, "", "aaaadd578c78d21defaa73e7d1f08235"), (22, 3, "", "adb5c3af19664129141268feda90a275"), (23, 3, "", "abf97ffd1f964f42790fb358e5258e8d"), (24, 3, "", "ea2db8b970671856e43dd011d7df5fad"), (25, 3, "", "76d79b81b9073a2323f0790965b00a68"), (26, 3, "", "6510a4add59ef655ae3f0b6cdb24e140"), (27, 3, "", "28d38afca913a728b2a6bcf01aa011cd"), (28, 3, "", "5fb04eb11cbf99429a05c12ce2f50615"), (29, 3, "", "39ee267d13ccd32b50c1de7c2ece54d6");
